MisconceptionId,MisconceptionName
0,Does not know that angles in a triangle sum to 180 degrees
1,Uses dividing fractions method for multiplying fractions
2,Believes there are 100 degrees in a full turn
3,"Thinks a quadratic without a non variable term, can not be factorised"
4,Believes addition of terms and powers of terms are equivalent e.g. a + c = a^c
5,"When measuring a reflex angle, gives the acute or obtuse angle that sums to 360 instead"
6,Can identify the multiplier used to form an equivalent fraction but does not apply to the numerator
7,Believes gradient = change in y
8,Student thinks that any two angles along a straight line are equal
9,Thinks there are 180 degrees in a full turn
10,"Believes duration can be read from a timetable, rather than calculating from start and end times"
11,"When reading value from graph, reads from the wrong axes."
12,Thinks that the side view does not include the furthest rows back
13,"Does not subtract from the hours, when having to borrow for a time calculation"
14,Does not understand how to create a multiple of an equation
15,"Confuses the order of operations, believes addition comes before division"
16,Believes that graphs of inverse proportion meet the axes
17,Confuses AM and PM when calculating time
18,"Given the length of the sides, still does not recognise there is enough information to find the area"
19,"When multiplying a surd by an integer, adds the integer to the number under the surd"
20,Believes the number of wholes in a mixed number multiplies by the fraction part
21,Estimates shares of a ratio instead of calculating
22,Confuses the ten thousands and thousands place value columns
23,Does not understand the command word 'difference'
24,Does not understand the term multiple
25,Does not realise that when you multiply by 0 the answer will always be 0
26,Thinks x = ? or y = ? is y = x
27,Believes squaring a fraction requires you to double both parts
28,Thinks the interior angles of any polygon add up to 360
29,Forgot to simplify the fraction
30,"When asked for a number n times smaller or bigger, subtracts or adds n"
31,Does not understand bar modelling in algebra
32,"When squaring a variable, believes they also need to square the coefficient"
33,Uses more than 3 letters to describe an angle
34,Believes dividing a negative by a positive gives a positive answer
35,Believes you add 2 instead of subtracting 2 to the numbers of sides when finding total interior angles
36,Enlarges by the wrong centre of enlargement
37,Rounded to wrong degree of accuracy (2sf not 1sf)
38,Believes the sides of an inequality can be switched without changing the direction of the sign
39,Multiplies by 1000 instead of 100 when converting a decimal to a percentage
40,Believes midpoint multiplied by frequency is equivalent to frequency density
63,Believes 'data' and 'sample' are interchangeable
64,Mixes up squaring and multiplying by 4
65,Cannot spot a variable within a written scenario
66,Repeats the digits three times when cubing a number
67,Divides by 1000 instead of 100 when converting a decimal to a percentage
68,Confuses a term with an equation
69,"When given a non-unit fraction of an amount, treats it like a unit fraction"
70,"When reading a composite bar chart, just reads total height of bar"
71,Multiplies all given dimensions when calculating an area
72,Thinks a decimal can be written as a fraction by just writing it under a numerator of 1
73,Confuses a function with an expression
74,Believes they must expand brackets before solving an equation
75,Believes that the directions of positive and negative vectors are the opposite way around.
76,Confuses quadratic and exponential graphs
77,"Does not follow the arrows through a function machine, changes the order of the operations asked."
78,"When multiplying a fraction by an integer, multiplies the denominator instead of the numerator"
79,Does not understand how to divide algebraic terms
80,Thinks you can ignore the variable when simplifying algebraic fractions
81,Thinks you subtract rather than add when finding the previous term in a descending linear sequence
82,Believes the square of a negative will also be negative
83,Confuses the meaning of perpendicular and vertical 
84,Believes greater than/less than symbols include end values
85,Does not remember that a rhombus has equal sides
86,Assumes value of symbols in a pictogram without checking the key
87,Does not know what an exterior angle is 
88,Believes parallelogram is the term used to describe two lines at right angles
121,Believes midpoint in grouped frequency table is found by multiplying midpoint by frequency
122,Thinks they can convert percentages to fractions by writing the percentage value as both the numerator and the denominator
123,Rounds incorrectly when the nearest 10 is a multiple of 100
124,Believes perpendicular bisectors is the term used to describe two lines that are parallel
125,Thinks the division sign means to add
126,Multiplies rather than adds when given the command word 'more'
127,Thinks the fraction to decimal conversion button on a calculator can be used to raise to a power
128,Does not understand how to read both x and y coordinates
129,Believes they can change only one side of a ratio and it will remain equivalent
130,"Believes that for a line written in the form ax + by = c, a is the gradient"
131,Does not think a number can be a factor of itself
132,Only considers the positive solution when calculating a square root
133,Believes dividing by a unit fraction is equivalent to dividing by its reciprocal
134,Misreads scale
135,Thinks the value of an exterior angle is 360 degrees
136,Does not recognise a reciprocal equation
137,Does not know the meaning of the word identity 
138,"When solving a problem using written division (bus-stop method), does the calculation from right to left"
139,Thinks triple means add three
696,"In the middle of the total column or row of a two way table, adds the other totals (including overall total), rather than finding the difference"
697,Arithmetic error when multiplying by 7
698,Believes each number on a clock face represents 1 minute
699,"When “borrowing” during a subtraction problem, does not subtract one from the preceding digit"
700,"When calculating missing side length from perimeter, gives the total missing length instead of dividing for one side."
701,Does not know the meaning of vertically opposite
702,When changing a number to standard form omits zero's of significance 
703,"When adding or subtracting surds, just finds the largest square that goes into each number under the surd and adds or subtracts those rather than using the largest square to simplify the surd"
704,Thinks there are 10cm in a metre
705,"When describing the relationship shown on a scatter graphs, gets the effect on the dependent variable backwards"
706,Carries out operations from right to left regardless of priority order
707,Believes that fractions with the same denominator are equal
708,Believes switching the x and y variables in a linear equation gives a perpendicular line
709,Adds instead of subtracts when using an area model for multiplication
710,Confuses factors and multiples
711,Believes you write the carried value in the number rather than adding it to the next place value column
712,Believes you can not take away a larger number from a smaller one
713,"When asked for a specific term in a sequence gives a different term, which is not the next"
714,Uses the other part instead of total frequency as denominator for relative frequency
715,Removes the common denominator when making equivalent algebraic fractions
716,Rounds a decimal instead of using a fraction in division
717,Believes the amount given is for the whole rather than a part
718,Uses sin when tan is required
719,Does not recognise feet (ft) as a unit of length
720,Believes that 'less than' includes the number 
721,Does not know what the symbol for equal lengths means
722,Thinks the fraction button finds the reciprocal
723,Forgets you need a ruler to measure lengths
724,Thinks the denominator in a combined probablity will be the same as the denominator in the probability of the first event.
725,Does not know that angles on a straight line sum to 180 degrees
746,Finds surface area when asked for volume
747,Believes scales on graphs must match on both axes
748,"When finding the negative power of a negative power, assumes they can ignore one of the negatives"
749,"When asked to subtract a fraction from a unit, removes the unit value from the denominator"
750,"When using the capture-recapture method, confuses the order of the calculation to find best estimate of population"
751,Believes you add the terms together when multiplying like terms.
752,Thinks that when dividing numbers in standard form you subtract the number and divide the power
753,Believes when you plot a linear sequence it doesn't give a straight line
754,Does not recognise that an integer multiplied by a surd can be simplified
755,Does not know which letters can be subtracted in Roman Numerals
756,Believes unit fractions with a difference of 1 in the denominator have no other fractions between them
757,Adds rather than multiplies when asked for a product
758,Believes an outlier is a value that does not fit the same characteristics as the other values
759,Confuses a formula with an expression
760,Converts a fraction to a decimal by using the denominator after the decimal point
761,Subtracts instead of adds when finding a midpoint
762,Chooses an example when asked for a counter-example
763,Believes 'inclusive' does not include the end value
764,Confuses octagon and pentagon
765,Thinks there are 10kg in a tonne
766,Confuses the graphs of  direct and inverse proportion
767,Thinks there are 10 minutes in an hour
768,Finds the circumference of the whole circle instead of arc length 
769,Confuses the direction of vectors when adding or subtracting
770,Believes class width represents area of the bar in a histogram
771,Believes that the solutions to x<b or x>b also satisfy ax<b or ax>b
772,Rotates instead of reflects
773,Does not understand to find each interior angle of a regular polygon you divide the sum by the number of sides
774,"When subtracting mixed numbers, does not realise that a negative fractional answer needs to be taken away from their integer answer"
775,"When adding variables with powers, thinks they can add the powers"
776,Does not know how to compare size of angles on a grid without a protractor
777,"When describing the relationship between the parts in a ratio using a fraction, gets the numerator and denominator the opposite way around"
778,Struggles to visualise the new position of an object after transformations
779,"When multiplying multiples of ten and the answer requires an extra digit, leaves off that extra digit"
780,Believes the constant only gives the y-intercept for linear graphs
781,"When reading decimals on a number line, assumes each dash is 0.2"
802,"Thinks that when drawing the elevation, the top layer does not need to be included "
803,Believes an axis is scaled correctly if the marked values increase in a linear pattern (ignores the distance from the origin to the first value) 
804,Believes percentages cannot be converted into fractions
805,Believes a rotation and a reflection can be combined by applying the rotation to the mirror line
806,Thinks the number in the ratio is the total
807,Believes all quadratic equations have a solution of 0
808,Thinks they double rather than halve when finding the area of a triangle
809,Uses cos when tan is required
810,Believes the number outside the circles in a Venn represents the intersection
811,Believes they can multiply/divide through by a negative number without changing the direction of the inequality
812,When dividing numbers with the same base correctly subtracts the powers but divides the base numbers.
813,Believes parallel is the term used to describe two lines at right angles
814,Confuses circumference and radius
815,Counts in the wrong direction on a number line
816,Only counts visible faces
817,Believes adding numbers together gives the highest common factor
818,Believes the median is the category with the median frequency
819,"When drawing a cumulative frequency diagram, thinks you plot the upper bound of the class intervals on the vertical axis"
820,Does not know that you can leave a fraction in improper form
821,Mistakes rotations for translations
822,"When rounding, believes that if the number, after the required degree of accuracy, is a 5 or below you round down"
823,Assumes they multiply by the numerator of fractional index
824,"Believes rounding to 1 decimal pleace means rounding to the nearest integer, regardless of the value of the number"
825,"thinks when writing a mixed number fraction as an improper fraction, you need to multiply the denominator by the whole "
826,Confuses intersection and universal set
827,Believes when frequencies multiply by a scale factor in a table the mode also multiplies by that scale factor
828,Adds when calculating area instead of multiplying
829,Estimates angle rather than calculating
830,Gives an example of a factor instead of counting how many total factors a number has
831,Thinks subtraction calculates how many in 
832,Believes that a fraction with equal numerator and denominator cancels to 0
833,"When calculating perimeter, multiplies instead of adds"
834,"When asked for the next term in the sequence adds one to the last term given, despite the sequence not going up in ones."
835,Confuses a formula with an equation
836,Believes the mean is the middle number
837,Believes that rounding parts of a fraction in different directions means the answer will be the same. 
838,"When factorising a quadratic without a non variable term, tries to double bracket factorise"
839,"When dividing by a non unit fraction, thinks you multiply by the reciprocal of the corresponding unit fraction rather than the fraction given. "
840,Does not understand the place value of answers from a Napier's bones calculation
841,Does not subtract 2 from the number of sides when finding the sum of interior angles
842,Confuses the calculations for HCF and LCM
843,Does not see fraction diagrams as equivalent if the shading is in a different pattern
844,Thinks there are 100mm in a metre
845,Believes they can find the nth term based on the first term only
846,Thinks there are 1000ml in a centilitre
847,Thinks they can convert a 2 digit percentage to a fraction by writing one number over the other.
848,Believes when simplifying a fraction you can divide the numerator and denominator by different values
849,Thinks the nth term is when the value of the term is n
850,Thinks there are 10mm in a metre
851,Thinks a negative x value in a column vector means to move right rather than left 
852,Thinks there are 100 mg in a gram
853,Does not know how to check tessellation
854,Divided by 100 rather than multiplied by 100
855,Believes integers can have decimal places
856,"When asked to shade a fraction of a shape, gives the total number of parts rather than the number to be shaded."
857,"When the unknown (e.g. x) in an equation is a denominator, gives the value of 1/x rather than x as the answer"
858,Believes splitting a multiplication using the distributive property is the same as splitting it into factors
859,Believes they can factorise a difference of two squares by placing the constant in both brackets without square rooting
860,Mixes up clockwise and anticlockwise
861,Reads a power as a normal digit
862,Does not understand equivalent ratios
863,Believes inequalities can only include integers
864,Reads 0 on protractor as size of angle when angle is not in usual orientation
865,Does not recognise a unit of mass
866,Believes that the y intercept is where y = 0
867,When finding the area of a parallelogram does not understand which lengths to use
868,Believes a number raised to a power will always give a positive answer
869,Believes multiplying together prime factors that are not shared gives the highest common factor
870,Only counts visible vertices
871,Does not include brackets when attempting to multiply an expression
872,Thinks angles can only be measured when one line is horizontal
873,Believes that we cannot calculate the mean of negative numbers
874,Mistakes the place value column of hundred thousands with millions
875,Believes vertically opposite angles sum to 360 degrees
876,Believes squaring a negative number just changes the sign
877,Does not convert measurements to have the same units before calculating area or volume
878,"Counts on by 1, when asked to count forward/backwards in a step other than 1"
879,Thinks you apply one inverse operation to one term and the other inverse operation to the other term
880,Thinks a higher average means more consistent data
881,adds all given dimensions when calculating area
882,Believes 0 has no square root
883,"Believes mirror line must lie on a grid line, not in between grid lines"
884,"When asked for more, find the total"
885,Thinks they can simplify algebraic fractions by cancelling unlike variables
886,Believes that prime numbers cannot be even
887,"When using interpolation to estimate frequency, assumes half the frequency of the class containing the value will be above/below it, even if it is not the midpoint"
888,Does not understand the relationship between a ratio and fraction
889,"Believes when you plot a sequence, the line always passes through (0, 0)"
890,Thinks they had to give the new amount rather than the total percentage that the original has been increased by.
891,Incorrectly cancels what they believe is a factor in algebraic fractions
892,Believes each vertical line on a box plot represents 1 piece of data
893,"Believes when changing an improper fraction to a mixed number you divide the numerator by 10, regardless of the denominator"
894,Believes expanding a squared expression means writing it as a set of double brackets
895,Believes a line of reflection must be touching the original shape
1069,Assumes an angle is the size that it looks in the (not to scale) diagram
1070,Believes that dividing by 10 gives 1%
1071,Confuses obtuse and acute angles
1072,Multiplies by the index
1073,Believes if you add the same value to all numbers in the dataset the range will change
1074,Multiplies rather than divides
1075,When asked to add fractions uses the method for multiplying fractions instead.
1076,Cancels digits when dividing
1077,Believes all multiples of odd numbers are odd
1078,"Ignores numbers written as words in worded questions, and just calculates using those written in digits"
1079,Believes factors add to give a number
1080,Believes there are 20 minutes in an hour
1081,"When subtracting fractions, divides the numerators"
1082,"When multiplying with negative numbers, assumes any negative sign can be ignored"
1083,Does not know the meaning of uniform cross section
1084,Has removed brackets but not performed the operation
1085,Multiplied the powers rather than added them
1086,Thinks the perimeter of a sector is the same as arc length 
1087,Thinks the interior angles of a polygon add up to 100n
1088,Believes you add the denominators when finding a fraction of another fraction
1089,Cannot identify mutually exclusive events
1090,Doesn't recognise commutativity of addition with negative numbers
1091,Confuses a variable with a formula
1092,Cannot spot a coefficient within a written scenario
1093,Has multiplied the value of the first term by the the term being asked
1094,Believes when frequencies multiply by a scale factor in a table the mean also multiplies by that scale factor
1095,Believes that vectors of different magnitudes can be equal.
1096,Thinks there are 10cl in a millilitre
1097,Is not able to identify a situation where Pythagoras' Theorem is needed
1098,Finds the mean instead of the range
1099,Believes gradient at a point = y coordinate/x coordinate
1100,Believes direct proportion means a 1:1 ratio
1101,Believes stratified samples should be evenly split
1102,Believes that addition should be used when finding the difference between two values on a time series graph
1103,"When reading integers on a number line, assumes each dash is 2"
1104,Simplifies integers when simplifying a mixed number
1105,Rounds every number to the same degree instead of rounding to significant figures when estimating 
1106,Divides 360 degrees by sum of sides rather than given amount of angles
1107,Converted hours to minutes instead of hours to seconds
1108,"Believes  c, in y=mx+c, will be the y value of the coordinate given despite the x coordinate not being 0."
1121,Believes biased selection methods can be random
1122,"When enlarging a shape, thinks the scale factor divides the movement from the centre of enlargement to a vertex rather than multiplies"
1123,Subtracts rather than dividing to find unit price
1124,When ordering numbers in standard form just looks at the decimal without multiplying by a power of 10
1125,Multiplies rather than adds when answering worded problems
1126,Believes the mean is always representative
1127,Believes the variable should remain in place after substituting its value
1128,Does not know how to interpret a fraction worded problem 
1129,"When finding a missing part in a ratio, divides rather than multiplies"
1130,Does not know how to solve linear equations involving fractions
1131,"When adding fractions, multiplies the numerators"
1132,Does not understand that a probability of 1 represents something that is certain
1133,Does not recognise a quadratic graph
1134,"When solving an equation, adds instead of dividing"
1135,"When subtracting a negative number, adds the absolute values and then writes the answer with a negative sign"
1136,"Believes that a general trend of an increase or decrease over time, on a statistical diagram, means that the slope must be in the same direction for the whole time period"
1137,"When squaring a variable with a power, thinks that the power is squared rather than doubled. "
1138,Subtracts the smallest digit from the largest digit
1139,Confuses the lines y=x and y=-x
1140,"When simplifying surds, adds the number on the outside of the surd to the number under the surd"
1153,Believes they can ignore the coefficient when expanding double brackets 
1154,Believes midpoints are plotted on histograms
1155,Starts at the wrong end of the dividend when dividing
1156,"When dividing a fraction by an integer, divides the denominator by the integer"
1157,Rounds every number up when estimating
1158,Believes you can go above an amount of money when finding how much of something you can buy
1159,"When comparing non like surds, does not square the surds"
1160,Thinks you can find missing values in a given table by treating the row as a sequence of consecutive numbers
1161,Thinks 1 square metre = 10 square centimetres
1162,Mixes up the inequality signs in an error interval
1163,Does not understand you can round to numbers other than powers of 10
1164,Believes linear sequences cannot include fractions
1165,Rounds to the nearest integer rather than one significant figure
1166,"When subtracting a fraction from a mixed number, assumes they subtract the numerator from the integer and the numerator of the mixed number"
1167,Does not recognise millimetres as a unit of length
1168,Believes both the x and y co-ordinates of the x-intercept of a quadratic are derived from the constants in the factorised form.
1169,Does not know that cubic means the same as cubed in units
1352,Believes cumulative frequency is plotted at the midpoint of the class
1353,Believes two odd numbers multiply to give an even number
1354,Does not know how to calculate the position of a term in a sequence
1355,Removes a zero from within the digits when rounding
1356,Confuses the use of LCM and HCF in real life examples 
1357,Thinks only labelled dimensions need to be included when calculating the perimeter
1358,Believes you can have decimals in a simplified fraction
1359,Does not know how to round up when a decimal place value column contains a 9
1360,"When solving an equation, multiplies instead of adding"
1361,Does not recognise that addition is the inverse operation of subtraction
1362,Believes that the angle on a pie chart is the frequency multiplied by 10
1363,Uses 2 letters to describe an angle
1364,Believes the mode is the frequency rather than the value/group
1365,"When ordering integers, orders from the digits at the end of the number instead of the digits at the start"
1366,Subtracts instead of multiplies when using grid method
1367,Thinks a dashed line marking a region means the line is included
1368,Confuses parallel and transversal
1369,Halves the radius to find the diameter
1370,Does not believe a shape can have two correct names e.g. rectangle and parallelogram
1371,"When drawing bar diagram for ratio, shows the total as the difference between parts"
1372,Ordered from largest to smallest
1373,Does not recognise a unit of time
1374,"When multiplying fractions, multiplies the denominator"
1375,Confuses the radius and theta when working with sectors 
1376,Thinks that a larger shaded area represents a larger fraction
1377,Square roots when asked for second multiple
1378,"When solving a problem using written division (bus-stop method), carries the wrong digit"
1379,Rounds down instead of up
1380,"When collecting like terms, assigns positivity or negativity incorrectly."
1381,Believes the gradient is where the line intersects the y axis
1382,"When given two similar objects and asked to find the length scale factor, believes the length scale factor is the area scale factor"
1383,"When two digits sum to 10 or more during an addition problem, does not add one to the preceding digit"
1384,"When reading decimals on a number line, assumes each dash is 0.5"
1385,Struggles to draw 3D shapes on isometric paper
1386,Confuses the method for finding the gradient and length of a line segment
1387,Does not understand the effect of consecutive subtractions
1388,Does not understand the term quadratic
1389,Mistakes lines as parallel
1390,Believes having the gradient and y-intercept is not enough information to write an equation for a straight line
1391,Does not know how to find the y intercept when given two other sets of coordinates that lie on a straight line
1392,Does not include brackets when required
1393,Does not know that a single letter labels a vertex
1394,Identifies the first term rather than the next term in a sequence
1395,"When calculating volume expressed in cubes, counts the visible cubes only"
1396,Finds a percentage when asked for a fraction
1397,Believes point will move diagonally when reflecting in a horizontal or vertical line
1398,Divided by 100 rather than 1000
1399,Fails to identify any rotational symmetry
1418,"When the dividend is a mixed number and the divisor is an integer, thinks they only perform the calculation with the integers."
1419,Believes any lines that cross are perpendicular
1420,"Believes that when eliminating a variable, regardless of the signs of the terms with matching coefficients, we subtract the equations"
1421,"When factorising into double brackets, finds the sum of two values which give the non variable term in the expression rather than the product"
1422,Does not recognise km as a unit of length 
1423,Struggles to estimate 3D volume
1424,Thinks numbers greater than 1 cannot be converted into fractions
1425,Believes two lines of the same length are parallel
1426,Thinks rule for calculating interior angles only applies to regular polygons
1427,Believes cube numbers are just multiples of 3
1428,"Does not understand the meaning of ""value"""
1429,Believes equivalent fractions are formed with addition not multiplication
1430,Does not recognise that the intersection of a Venn diagram represents those belonging to both sets
1431,"Believes you add the whole to the numerators, ignoring denominators, when adding a mixed number to a proper fraction with the same denominator."
1432,"When factorising into double brackets, believes the sum of the two values in the brackets equals bx rather than b"
1433,"When factorising into single brackets, only factors out the numerical values and forgets to factorise possible variables"
1434,Believes any adjacent angles sum to 180 degrees
1435,When subtracting from a negative thinks the answer must be positive
1436,Confuses cubic and exponential graphs
1437,Assumes the fractional index denotes the root and power the other way around
1438,Believes division of surds always results in an integer
1439,"When solving simultaneous equations, assumes every variable has equal value."
1440,Believes 180 degrees is an obtuse angle
1441,"Thinks decimal place value works the same as integer place value, ones will follow tenths"
1442,Think cross section of a prism is the biggest face
1443,"Thinks that when raising a variable with a coefficient to a power, only the coefficient is affected by the power"
1444,Does not understand that the negative outside the bracket means answer will be negative
1445,Believes you find the angle for a pie chart sector by doing its frequency multiplied by total frequency
1446,"When calculating perimeter, only adds two sides"
1447,Writes the remainder as the digit after the decimal point
1448,Believes the solutions of a quadratic equation are the negative of the absolute values of the constants in the factorised form
1449,Believes rounding numbers down would give an overestimate
1450,Does not understand how to apply sohcahtoa
1451,Assumes that the square root is the only type of root
1454,Believes they can eliminate a variable without making the coefficients the same in simultaneous equations
1455,Calculates circumference when asked for area
1456,Believes linear graphs can be curved
1457,Does not understand the interpretation of the fx column in a frequency table
1458,Believes 0 multiplied by a number gives the number
1459,Does not recognise that a surd will simplify to a whole number and not longer be a surd if the number under the surd is a square number
1460,Identifies second decimal place value when asked for the second significant figure
1461,Believes parallel lines have gradients that multiply to give -1
1462,Believes height represents frequency on a histogram
1463,"When adding fractions, adds the numerators and multiplies the denominators"
1464,"When solving simultaneous equations graphically, they think the solutions are the y-intercepts"
1465,Uses outcome as numerator in probability 
1466,Thinks there are 100kg in a ton
1467,Believes the power button writes a fraction
1468,Orders integers based on first digits without taking into account place value
1469,Does not recognise when simplifying a fraction may be helpful
1470,"Does not know the meaning of the word ""product"""
1471,Mixes up colder and hotter when comparing temperatures
1472,"Believes that they can reverse a percentage decrease by dividing by the decimal multiplier of the percentage itself, not the multiplier for the percentage decrease."
1473,Believes adding two numbers finds their lowest common multiple
1474,Forgets to add on the starting value when identifying a position on a number line
1502,"When calculating the group width of a group from a grouped frequency table, believes this is found by midpoint multiplied by frequency"
1503,"When drawing a histogram, thinks you plot group midpoint on the horizontal axis"
1504,"When multiplying surds, adds the numbers under the roots"
1505,Thinks co-interior angles are equal
1506,Believes transforming some terms in simultaneous equations is sufficient
1507,Carries out operations from left to right regardless of priority order
1508,Assumes the item has not been replaced in a probability question where it has actually been replaced
1509,Does not realise that all regular shapes of a certain type will be similar
1510,Believes subtraction is commutative 
1511,Does not understand that the probability of something not happening is 1 minus the probability of it happening
1512,"When sketching graphs of factorised quadratics, does not see that the negative of the non variable terms in the brackets give the x intercepts or the roots of the graph."
1513,Does not know the meaning of perpendicular
1514,Adds instead of subtracts
1515,"When asked to take off a fraction of an amount, subtracts the fraction itself"
1516,Performs addition ahead of any other operation
1517,Finds unit amount but doesn't multiply up
1518,Mixes up smallest and largest when ordering decimals
1519,Assumes that a graph always starts at the origin
1520,Does not recognise litres as a unit of volume
1521,"Thinks that scale factors, other than one, can leave the dimensions of shapes unchanged"
1522,Believes the mean is total frequency divided by sum of categories given
1523,Does not know how to say a fraction
1524,Believes adding b to any integer gives a multiple of b
1525,Confuses written 'teen' numbers with their corresponding multiples of 10
1548,Thinks that a unit fraction can be simplified further
1549,"When asked to multiply fractions, uses the method for adding instead"
1550,Believes interior angles are outside a shape
1551,Does the reciprocal of both fractions when dividing fractions
1552,"Believes term to term rule is applied to position number, not previous term"
1553,Thinks that we can use O as zero for place value in Roman numerals
1554,Does not know how to identify common factors from algebraic terms
1555,Believes that we cannot calculate the median of a dataset that contains negative numbers
1556,Writes digits in the order of the pictorial representation rather than using place value columns
1557,Has an incorrect assumption about the definition of a reciprocal
1558,Believes dividing a positive by a negative gives a positive answer
1559,Believes a downward slope on a speed-time graph shows positive acceleration
1560,Mistakes the number of rows for the total frequency in a frequency table
1603,Confuses displacement-time graphs with velocity-time graphs
1604,Thinks there are 10 centimetres in 1 mm.
1605,"When rounding up from a 9, does not add one on to the digit to the left"
1606,Believes the coefficent of x in an expanded quadratic comes from multiplying the two numbers in the brackets
1607,Believes the gradient of perpendicular lines just have opposite signs
1608,Believes parts of a 3D diagram that look straight class as edges
1609,Believes the decimal point button writes a fraction
1610,Misunderstands the concept of common factors in algebra
1611,Does not understand that coordinates can be decimals
1612,Confuses the shaded and unshaded regions on an inequality diagram
1613,Believes constructing a triangle with given SAS requires a compass
1614,Believes factors of algebraic terms/expressions will only be numbers
1615,Does not know the symbol for proportionality 
1616,Fails to consider all possible outcomes
1617,Believes a reciprocal equation will have a linear graph
1618,Mixes up cubing and multiplying by 3
1619,"When dividing a decimal by a whole number, ignores decimal point and just divides the digits"
1620,Believes zero cannot be raised to a power
1621,"When dividing a fraction by an integer, multiplies both the numerator and denominator by the integer"
1622,Divides by 1000 instead of 100 when converting a percentage to a decimal
1623,"When asked for the mean of a list of data, does not count any zeros in the data when working out what to divide by"
1624,Multiplies the number of whole units by the numerator when converting from a mixed number to an improper fraction
1625,Uses difference as index instead of coefficient in nth term rule
1626,Has partitioned the digits when doing long multiplication
1627,Believes ratios can be combined without equalizing common terms
1628,"When multiplying involving a multiple of 10, gives an answer 10 times smaller than it should be"
1629,writes the remainder as the divisor divided by 10
1630,Does not realize we can simplify a term that involves powers
1631,When asked for a specific term in a sequence gives the term after
1632,"Believes a decimal with one significant figure is a multiple of 10 when converted to a percentage, regardless of place value"
1633,When asked to rotate by 180 degrees rotates by 90 degrees
1634,"When performing mental multiplication, multiplies accurately by a multiple of 10 but then does not know how to adjust their answer "
1635,Believes gradient is the difference between the change in x and the change in y
1636,Believes nth term rule can be given in words
1637,Has used the decimal point to separate numerator and denominator
1638,Counts repeated factors as two separate factors
1639,Believes adding two negatives gives a positive answer
1640,Believes the centre of rotation is always the origin
1641,"When collecting like terms, only simplifies when there is an addition"
1642,"When adding roots, adds the numbers under the roots"
1643,"Believes that when increasing by a percentage over 100, they do not need to add an extra 1 to the decimal multiplier for the original amount"
1644,Confuses collecting like terms with multiplication
1645,Thinks there are 10ml in a litre
1646,"In ratio question where one side of ratio is given, uses that as one part in ratio without dividing"
1647,Believes that numbers are read aloud digit by digit 
1648,Believes dividing two positives will give a negative answer
1649,Believes that all recurring decimals can be converted to a fraction by writing the digits of the decimal over 9
1650,Only includes full hours when measuring time in minutes
1651,Multiplies when converting to a larger unit
1652,Thinks there are 100mm in a centimetre
1653,Misunderstands how to adjust proportions for different sample sizes in stratified sampling
1654,Believes y=f(-x) is a reflection in y=-x
1655,"When adding fractions, changes to common denominator but leaves numerators the same"
1656,Believes that one point is enough to specify a line
1657,Doubles the diameter when finding the radius
1658,Does not link Pythagoras Theorem to finding distance between two points
1659,Finds one part of a ratio but doesn't multiply that by the number of parts needed
1660,"When using inequality notation, thinks ""greater than/less than or equal to"" symbols are instead the ""greater than/less than"" symbols and vice versa"
1661,Confuses circumference and diameter
1662,Does not know the y intercept is where the x coordinate is 0
1663,Thinks halving is the same as multiplying by 2
1664,Mixes up squaring and halving
1665,Believes when frequencies multiply by a scale factor in a table the median also multiplies by that scale factor
1666,"When factorising into single brackets, factorises the first term correctly but subtracts the number outside the bracket with the second term in the expression to find the second term in the bracket"
1667,When comparing unit fractions believes that fractions with larger denominators are greater in size.
1668,Calculates area when asked for perimeter
1669,"In 3 letter angle notation, gives a wider angle that contains the shaded angle"
1670,Does not realise that multiplication can be broken down into factors
1671,Does not know how to find area by counting squares on a grid
1672,"Confuses the order of operations, believes addition comes before multiplication "
1673,Multiplied by 1000 instead of 100
1674,Believes distance is the area under the graph on a displacement time graph
1675,Changes wrong place value column when rounding
1676,"When adding or subtracting surds, does not simplify the surd before adding the numbers in front of the surd"
1677,"Thinks the range is just the first value subtracted from the last value, without ordering"
1678,Confuses perimeter and area
1679,Uses addition instead of the associative property of multiplication
1680,Does not realize we can omit the multiplication symbol in algebraic expressions
1681,Assumes grouped data is evenly distributed within each group
1682,Confuses inequality symbols with equality
1683,Thinks the length of the hypotenuse is the sum of the two shorter sides
1684,"When finding the difference between two marks on a scale, counts lines instead of gaps"
1685,Confuses angle of a sector with the diameter
1686,Confuses diameter and radius
1687,Gives one fewer order of rotational symmetry than there is
1688,Believes a line showing a constant rate of increase corresponds to a non-prism shape
1689,Believes the largest number in a set of numbers is always their lowest common multiple
1690,Assumes an addition pyramid works in a different way to how it actually does
1691,Believes the solution of mx + c = 0 is x =0
1692,Mixes up total and part when forming expressions from worded problems
1693,"Does not know the meaning of common, eg. common factor"
1694,Believes that a discriminant of 0 means there are no real solutions
1695,Thinks you add all the bricks in a row in an addition pyramid.
1696,Heads towards zero when subtracting from a negative
1697,Does not understand the link between the sign of the root and the sign in the bracket
1698,Uses the whole base rather than half the base when forming a right angled triangle from an equilateral triangle
1699,Thinks there are 60 degrees in a full turn
1700,Believes you need to know the value of all algebraic variables before any general conclusions can be made
1701,Believes the solutions of a quadratic equation are the absolute values of the constants in the factorised form
1702,Does not know the 9 timestable
1703,When using a 180 degree protractor to measure reflex angles gives the value of the acute or obtuse angle that is a complement to 360
1704,Believes gradient = change in x/change in y
1705,Rounds to the nearest integer when estimating
1706,"When calculating perimeter, only adds the marked lengths"
1707,Misinterprets the meaning of angles on a straight line angle fact
1708,Does not understand place value within a number
1709,Believes a factor pair doesn't have to be 2 integers
1710,"When finding a percentage of an amount, assumes they divide the percentage by 10, but not the amount, before multiplying"
1711,Is not familiar with the names of the different parts of a fraction
1712,"Includes all faces when finding surface area of a compound shape, including those which are stuck together"
1713,Believes inverse function notation means multiplying by negative 1
1714,"When completing the square, believes the constant in the bracket is the square root of the coefficient of x"
1715,Converts a fraction to a decimal by using only the numerator after the decimal point
1716,Goes the wrong direction in the sequence when identifying term-to-term rule
1717,Swaps the dividend and divisor in order to get an integer answer
1718,Thinks there are 100 seconds in an hour
1719,Believes a rhombus has one pair of equal sides
1720,Identifies the term-to-term rule rather than the next term
1721,Does not recall the steps required to draw an angle
1722,Believes a subtraction cannot be partitioned into separate subtractions
1723,Assumes all journeys of the same distance take the same amount of time
1724,"When completing the square, believes that a is always half the x-coefficient. "
1725,"Does not recognise inches ("") as a unit of length"
1726,Believes there is more than one line which passes through a given pair of points
1727,Rounds the wrong way when interpreting a real-life context
1728,"When solving a pair of simultaneous equations, thinks they need to make the coefficients of both variables the same"
1729,"When solving simultaneous equations, finds the correct numbers to transform the equations, but uses them the wrong way around."
1730,"When adding decimals with a different number of decimal places, lines up the digits incorrectly"
1731,Makes an assumption about the squares on a scale representing either 1 or 10
1732,Thinks a factor tree splits a number into a pair of numbers that sum to the given number.
1733,Confuses tangent and chord
1734,Thinks that we can remove a division symbol and just write the variables next to each other
1735,Does not realise a quadratic must be in the form ax^2+bx+c=0 to find the values for the quadratic formula
1736,Believes clock times can be written with a decimal point rather than a colon
1737,Only looks at the difference between one pair of terms when discerning the pattern
1738,Uses sin when cos is required
1739,Does not understand changing decimals to fractions
1740,Does not recognise the properties of a kite
1758,Can not recognise all factor pairs of numbers
1759,Assumes decimal point can be ignored when given a decimal percentage to convert to a fraction
1760,"Reads the position of a number from the space between the line marked, rather than the line marked"
1761,Does not understand what each part of a bar model represents as a fraction
1762,"Thinks that when drawing the plan view, the top layer of the shape needs to be drawn in the row above "
1763,Confuses arc and diameter
1764,Estimated when not appropriate
1765,"Does not understand how to answer generalised statements (eg. by testing values to check for always, sometimes, never)"
1766,Thinks x^2 - a^2x is a valid form of difference of two squares
1767,Does not realise that a pictogram needs a title or question
1768,Believes the y-intercept of a line is the solution to its equation
1769,Does not know how to read information off a pie chart
1770,Believes the proportion for a pie chart sector is 1 divided by the number of degrees
1771,Believes the solution of a quadratic inequality is always the interval between the roots
1772,Believes a reciprocal graph comes from a cubic equation
1773,Adds rather than subtracts when answering worded problems
1774,"When multiplying a surd by an integer to write as one surd, squares the number under the surd rather than the number in front"
1775,Stops iteration too early when solving equations
1776,Believes they solve mx + c = 0 by substituting in x = 0
1777,Confuses the graph of 1/x with 1/x² when both are shown
1778,Believes you subtract the number marked second from the estimated population to find the number marked first when using the capture-recapture method
1779,Does not recognise that a shape translated would not change orientation
1780,Thinks all dimensions given must be used when calculating the area
1781,Does not think we can have negative powers in standard form
1782,Does not recognise miles as a unit of length
1783,Confuses pyramid with prism
1784,Believes a horizontal line can show a constant rate of change
1785,Added the base numbers
1786,Converts a fraction to a percentage by writing the numerator followed by the denominator
1787,"When talking about money ""taken"" in a retail context, thinks that means take-away rather than add"
1788,Uses slant heights instead of parallel sides to find area of a trapezium
1789,Thinks the elevation is taken from an angle to include aspects of the other side
1790,Does not know the correct notation for labelling a side length
1791,Does not know that vertically opposite angles are equal
1792,Has multiplied the base number and the power
1793,Does not count end number when counting
1794,Does not recognise that choosing 2 items at once means the first item does not get replaced in a probability question
1795,"Believes you subtract the smaller digit from the larger digit in column subtraction, regardless of position"
1796,Thinks a positive x value in a column vector means to move left rather than right
1797,Assumes the range of a set of data starts at zero
1798,Believes 1 is a prime number
1799,"When converting fraction to ratio, thinks you just use the numerator and denominator as the numbers in the ratio "
1800,Believes multiplying two positives gives a negative answer
1801,Believes they always divide by the conversion factor when converting units
1802,Adds instead of subtracts when finding the area of part of a shape
1803,Believes they can divide by a variable without checking whether it could equal zero
1804,"When dividing fractions, multiplies the numerators and multiplies the denominators"
1805,Does not realise that subtracting a negative is the same as adding it's additive inverse
1806,Only recognises the negative form of a quadratic graph
1807,"When multiplying mixed numbers, forgets to multiply the fraction"
1808,does not realise that the product of prime factors will also be a factor of the original number 
1809,Rounds too little when estimating
1818,Thinks you can find missing values in a given table by treating the row as linear and adding on the difference between the first two values given.
1819,Confuses order of sides in a trigonometric ratio
1820,"Uses the denominator when converting from fractions to ratio, rather than numerator."
1821,"When finding the nth term rule for a quadratic sequence, believes that the coefficient of n squared is the second difference"
1822,Thinks they multiply the numerator and denominator together to convert a fraction to a percentage 
1823,"When there are two modes, finds the mean of these values and gives that as the mode"
1824,Counts the starting number when counting backwards
1825,Does not fully simplify fraction
1826,Believes the solution of a quadratic is its turning point
1827,Believes the upper bound of an interval in a grouped frequency table is equivalent to the group width of the interval
1828,Does not understand inequality notation
1829,Believes they must change the direction of the inequality when dividing through by a positive number.
1830,Thinks area of a circle = radius x pi 
1831,Does not know the properties of a cylinder
1832,Confuses linear and reciprocal graphs
1833,"When drawing a histogram, thinks you plot frequency on the horizontal axis"
1834,Confuses an equation with an expression
1835,When finding the area of a parallelogram finds base x perpendicular height but divides the answer by 2 
1836,Believes lines of symmetry must be vertical or horizontal
1837,Names one of the faces of a 3D shape rather than the 3D shape name
1838,"Confuses the roles of initial capture, recapture, and total population in the capture-recapture method"
1839,Does not know how to use a bar model to write division facts
1840,Thinks the fraction button on a calculator converts fractions to decimals
1841,Thinks the number of wholes in a mixed number represents the tens from the numerator of an improper fraction
1842,Confuses the number of regions in a Venn diagram as the total number of entries in the diagram
1843,"When using interpolation to estimate frequency that is above a certain value, believes they can add the estimated frequency up to that value in its class, rather than the estimated frequency after it"
1844,Uses length scale factor for area without squaring 
1845,"When multiplying involving a multiple of 10, just multiplies the digits and ignores the zeros "
1846,Is not able to spot a proportional relationship pictorially unless they are laid out in groups
1847,Confuses the part and the whole in fraction of an amount problems
1848,Thinks the y coordinate of a point on the x axis is 1
1849,Believes the gradient of a line is given by the x intercept
1850,Mixes up square rooting and fourth rooting
1851,Does not know the properties of an isosceles triangle
1852,"When adding an integer to a fraction, thinks you add the integer to the numerator"
1853,Thinks an enlargement of any scale factor keeps side lengths the same
1854,Confuses tangent and radius
1855,"Believes that if one number in a product decreases, the answer must increase. "
1856,Thinks multiplication and addition are the same
1857,Believes a cubic equation will have a linear graph
1858,Does not compensate when subtracting
1859,Thinks the mode in a stem and leaf diagram  is the stem that has the most leaves 
1860,Believes a reciprocal graph can be a straight line
1861,Rounds to nearest 50 not 20
1862,Performs addition ahead of division
1863,Thinks 1l = 10 cubic centimetres
1864,Does not realise that the order is important in a ratio
1865,"When dividing numbers with different bases, subtracts the powers and subtracts the base numbers."
1866,Confuses additive and multiplicative relationships
1867,Finds unit price then forgets to multiply up
1868,Believes lines are parallel if they have the same y intercept 
1869,"Believes that the larger the divisor, the larger the answer."
1870,Thinks there are 10000mm in a metre
1871,"Thinks factorising a quadratic means factorising the variable terms into a single bracket, and leaving out the constant"
1872,Believes they only need to multiply the first and last pairs of terms when expanding double brackets
1873,Believes the median is the midpoint of the range
1874,Believes the median is the frequency for the category in which it is located
1875,Has used a subtraction sign to represent division
1876,Counts leading zero as a significant figure
1877,Thinks rectangles have rotational symmetry or order 4
1878,"In inverse proportion, believes that if one variable is a reciprocal, the other variable will be the reciprocal as well. "
1879,Believes midpoint of an interval is used rather than total frequency to calculate the sector angle for a pie chart
1880,Mixes up greater than and less than symbols
1881,Halves when asked to find the cube root
1882,Believes square numbers are triangle numbers
1883,Uses only the base and perpendicular height when calculating the area of a trapezium
1884,Thinks numbers are a multiple of their index
1896,"When finding the gradient from the equation of a line in the form ax + by = c, believes b/a is the gradient"
1897,Confuses vertically opposite angles and angles around a point
1898,"When adding decimals, just adds the digits and ignores place value"
1899,Thinks the missing length has to be half the length of the side given
1900,Thinks two variables next to each other represent addition
1901,Subtracted base numbers as well as powers
1902,Gets the minutes and hours the wrong way around
1903,Thinks all lines on a net will form edges in 3D
1904,Believes the numbers in factorising should multiply to give the coefficient of x and add to give the constant
1905,Believes that when finding bounds you round to the nearest whole number
1906,Gives 3-letter angle notation in the wrong order
1907,Believes an interior angle in a regular polygon can be found using 360 subtract (180 over number of sides)
1908,Ignores numerical terms when setting up an equation from a question
1909,Does not consider the denominator when adding/ subtracting fractions. Adds/subtracts the numerator and makes the denominator the one with the highest value.
1910,Confuses relative frequency and expected frequency
1911,Only multiplies second term in the expansion of a bracket
1912,Gives the probability out of the number of non-successes rather than the total
1913,"Gives the smallest whole when asked for the smallest fraction shaded, presented visually"
1914,Converts fraction to percentage by multiplying the denominator by 10
1915,When multiplying mixed numbers thinks they add the integers
1916,"When subtracting fractions, subtracts the numerators and multiplies the denominators"
1917,Confuses the meaning of parallel and perpendicular
1918,Does not fully simplify ratio
1919,Believes that a fractional index also means you need to find the reciprocal
1920,Forgotten that anything to the power of 0 equals 1
1921,Does not understand laws of indices
1922,Gets the dividend and divisor the wrong way round when doing long division
1923,Thinks a greater range means more consistent data
1924,Believes that a number divided by itself equals 0
1925,Believes nth term rules for patterns must be given in standard an + b form
1926,"Believes you use the half of the base length to find the area of an isosceles triangle, following using it to find the perpendicular height"
1927,Does not know the definition of a prism
1928,Mixes up the numerator and denominator
1929,Does not understand the concept of inverse operations in algebra
1930,Believes it's ok to change the scale on an axis for the negative values
1931,Believes the opposite side is where the adjacent side is in a right angled triangle
1932,Counts partial symbols as if they were whole on pictograms
1933,Believes that the reciprocal of a number is equal to that number (1/x = x)
1934,Multiplied by the scale factor rather than divided in direct proportion problems
1935,"Divides length of original by length of image to find scale factor, rather than image by original."
1936,Believes the integer can be written before or after the surd eg. 3√2 = √2 3
1937,Believes subtracting a positive number from a negative number makes the answer less negative
1938,Ignores zeros when giving the value of an integer
1939,Difficulty with translating a mathematical answer into a real world context
1940,Believes a kite has bisecting diagonals
1941,"Confuses the order of operations, believes subtraction comes before multiplication "
1942,Chooses the wrong 3 letters to describe an angle
1943,Includes the intersection of a Venn diagram when asked to find the value of a set only
1944,Confuses the radius with the radius squared in the equation of a circle
1945,Believes an upward slope on a distance-time graph means the movement has stopped
1946,Believes numbers are divisible by numbers which sum to their factors
1947,Writes more than three repeated symbols next to each other in Roman numerals
1948,Believes the inverse of square rooting is doubling
1949,"Believes reflection in y=-x switches the signs of the coordinates, but not their numbers"
1950,forgets to include the common factors when calculating the lowest common multiple
1951, Does not believe that a negative multiple of a vector is in the opposite direction
1952,Confuses class width and frequency when calculating frequency density
1953,Makes an assumption about line segments being equal within a shape
1954,Divides when converting to a smaller unit
1955,Thinks that a percentage can be converted to a fraction using a denominator of 10 
1956,Doubles side length for similar shape instead of using correct scale factor
1957,"Reads 10,000 as 1000"
1958,"Believes the smaller number is always subtracted from the larger, regardless of the order of the calculation"
1959,Does not know that a solid is a 3D shape
1960,Does not realise that the sum of the two shorter sides must be greater than the third side for it to be a possible triangle
1961,Fails to identify mirror line
1962,Doesn't take into account cost when calculating expected return/profit
1963,Performs subtraction right to left if priority order means doing a calculation to the right first
1964,Estimates obtuse angles as 90 degrees or less
1965,Thinks you need to just add a % sign to a decimal to convert to a percentage
1966,Finds the median instead of the mean
1989,Believes a coordinate cannot be placed beyond the bounds of the grid shown
1990,Fails to reflect across mirror line
1991,Assumes any variable in a sum on the numerator can be divided by the denominator
1992,Believes extreme values can affect the mode
1993,Believes total in a grouped table is found by counting rows
1994,"When completing the square in the form (x - a)^2 + b, believes b = -a^2 regardless of the original constant"
1995,Mixes up shortest and longest when ordering times
1996,Only includes fully shaded squares when counting area
1997,Believes vertically opposite angles sum to 180 degrees
1998,"When finding which term represents the median, thinks you divide the total number of terms by 2"
1999,Does not interpret the correct order of operations from a worded problem
2000,Believes multiplying by 0.1 is the same as multiplying by 10
2001,"When solving an equation,  subtracts instead of multiplying"
2002,"When dividing a decimal by an integer, divides by the wrong power of 10 when reinserting the decimal."
2003,Believes multiply all numbers in a prime factor venn diagram gives the value of one sets number
2004,Confuses frequency polygons with cumulative frequency diagrams
2005,Multiplies all given dimensions when calculating the length of the hypotenuse in a right angled triangle
2006,Believes the mean is total divided by sum of categories given
2007,Believes the number of vertices on a 3D shape match those of the 2D cross section
2008,"When substiting into an algebraic term, raises the coefficient to the power of the variable rather than multiplying the coefficient and the variable.."
2009,"Assumes they add all values in a worded problem, thereby not interpreting the problem correctly"
2010,Does not understand power notation
2011,"When simplifying surds, leaves the square root of the biggest square number under the root and puts the other number on the outside"
2012,When reading a dash on a number line does not take into account the number at the start or the width of each division
2013,"When drawing a histogram, thinks you plot cumulative frequency on the horizontal axis"
2014,Believes if a point is reflected in the line x=a then the x coordinate of the point will become 'a'
2015,Forgot to square both parts of the fraction
2016,Believes the nth term of a descending sequence will have a positive coefficient of n
2017,Mixes up square rooting and multiplying by 2 or doubling
2018,Thinks a divide and a negative sign next to each other makes a minus
2019,"When there's a negative sign in the question, thinks the answer must be negative"
2020,"When simplifying surds, does not use the largest square number to simplify"
2021,Does not recognise when a fraction can be simplified
2022,"
Has incorrect belief about the meaning of ""expression"""
2023,Thinks when finding a percentage you divide by the percentage being asked
2024,Confuses the variable and frequency columns in a frequency table
2025,Does not realise a triangular prism is a 3D shape
2026,Reflects instead of rotates
2027,Believes that an + b is still a multiple of a
2028,"When writing a number between zero and one in standard form, thinks the power is the negative of the number of decimal places"
2029,Believes non-unit multiples of vectors can be the same length
2030,Believes that fractions with larger denominators are greater in size
2031,Misremembers the exact values of trigonometric functions at standard angles
2032,Believes the gradient of a distance-time graph is the acceleration
2033,Rounds to the wrong degree of accuracy (1 decimal place rather than nearest whole number)
2034,Finds an equivalent improper fraction when asked for a mixed number
2035,"When reading integers on a number line, assumes each dash is 10"
2036,Identified the interior not exterior angle at a point
2037,Believes switching the gradient and y-intercept gives a parallel line
2038,Believes a common denominator can only be the lowest common multiple
2039,Thinks you need to just add a % sign to a number to make it a percentage
2040,Has estimated the length of the missing side length by looking at the image  rather than calculating it
2041,Fails to reflect across reflection line without a diagram
2042,Can not square root a negative number
2043,Selects y>a solutions instead of y<a solutions for a quadratic inequality
2044,Does not know the units column is before the decimal point
2045,Writes a variable to the power of n as nx
2046,"When collecting like terms, treats subtractions as if they are additions"
2047,Believes infinite gradient is not possible in real life. 
2048,Has not noticed the difference between 'subtract' and 'subtract from'
2049,Believes a gap of 2 is a gap of 1 on a numberline
2050,Does not recognise a unit of length
2051,Does not correctly apply the commutative property of multiplication
2052,Believes all numbers written in standard form must be smaller than any numbers written in ordinary form
2053,"When reading integers on a number line, assumes each dash is 1"
2054,Believes the number of jumps between two numbers on a numberline represents the sum of those 2 numbers 
2055,"When multiplying a decimal by an integer, ignores decimal point and just multiplies the digits"
2069,"Believes if there are two numbers with the same frequency, there isn't a mode"
2070,"Believes that when factorising a quadratic equation with a coefficient of x squared, the two constants in the brackets are still the solutions of the equation with opposite signs"
2071,Shares equally instead of in given ratio
2072,Confuses formulae for area of triangle and area of rectangle
2073,Converts a fraction to a decimal by placing all values of the fraction after the decimal point
2074,"When describing the relationship between the parts in a ratio, replaces the : with a decimal point to say how many times bigger a part is than the other"
2075,Misunderstands mixed number notation 
2076,Believes an algebraic term with the same coefficient as the value of a constant term can be subtracted to give zero
2077,"Believes that when eliminating a variable, if the signs of the terms with matching coefficients are different, we subtract the equations."
2078,Simplifies a fraction by adding or subtracting the same amount from the numerator  and denominator
2079,Believes that points on an axis have equal x and y coordinates
2080,Confuses the y-intercept with the turning point of a curve
2081,Thinks there are 7 hours in 1 day
2082,"When multiplying a surd by an integer, multiplies the integer with the number under the surd"
2083,Thinks y =1 is the y axis
2084,"When multiplying numbers with different bases, multiplies the powers and multiplies the base numbers."
2085,Adds instead of multiplies when multiplying algebraic terms
2086,"When calculating volume expressed in cubes, counts only the squares on one face"
2087,Multiplies before applying a power 
2088,"When multiplying variables, thinks they add coefficients as well as powers"
2089,"When asked to find a scale factor, assumes direction of enlargement does not matter"
2126,Miscounts when subtracting over zero
2127,Thinks the gradient of a line includes the variable x
2128,Believes a common denominator must always be the two denominators multiplied together
2129,Increases by the given percentage rather than finding the percentage of an amount
2147,Believes they should multiply each numerator by its original denominator when adding/subtracting fractions
2148,"When simplifying, thinks they write 0 in front of a negative number in the final answer, instead of just writing the negative number"
2149,Converted seconds to minutes instead of seconds to hours
2150,Does not know the 6 timestable
2151,Thinks you cannot find the range if there are an even number of values
2152,Believes every number is the mode when you have data with no mode
2153,Thinks the category with the most common bar height is the mode
2154,Thinks finding a fraction of an amount means subtracting from that amount
2155,"Reflects in an axis, instead of the given mirror line"
2156,Thinks alternate angles are always equal
2157,"Believes that when eliminating a variable, if the signs of the terms with matching coefficients are the same, we do the operation matching the sign (+ if positive, - if negative)"
2158,Multiplies rather than divides when answering worded problems
2159,Believes the fx column for calculating mean is value/frequency
2160,"In repeated percentage change, believes the second change is only a percentage of the first change, without including the original"
2161,Confuses octagon and hexagon
2162,"When rounding to decimal places and the only digits after the decimal point will be zeros, just gives the integer as the answer."
2163,Attempts to simplify ratio by subtracting from both sides
2164,Believes a number written in standard form is smaller than another number written in standard form if the number between 1 and 10 is smaller
2165,Thinks that we cannot calculate the range of negative numbers
2166,Adds up the variable column when asked for total frequency
2167,"When a subtraction of one positive number from another, results in a negative answer, they believe the answer is the sum of those 2 numbers with a negative sign put in front."
2168,Assumes a 1:1 conversion ratio between different currencies
2169,Believes that prime numbers can have more than two factors
2170,Subtracts numerators when dividing fractions with a common denominator
2177,Does not know that a reflection would not change the size of the shape
2178,Believes mixed numbers cannot be simplified
2195,Does not know the definition of a prime number
2196,Believes the number of bars gives the total on a bar chart
2197,Thinks you multiply parallel sides to find the area of a trapezium
2198,Finds the mode instead of the median
2199,Divides by the numerator and multiplies by the denominator when finding a fraction of an amount
2200,Believes that when dividing an integer by a power of 10 you add zeroes after the decimal point
2201,Does not know the definition of a composite number
2202,Thinks we have to add the base numbers as well as the powers when multiplying indices
2203,Lines up the digits incorrectly when doing a subtraction involving two numbers with a different amount of digits
2204,Believes the area of a rectangle is calculated by length add width
2205,Thinks the largest number in a stem and leaf diagram comes from the first leaf next to the largest stem
2206,Added the values together instead of finding the percentage
2207,Believes we can categorise data as primary or secondary without knowing the source
2208,"When writing ratio, writes total as one side"
2209,Confuses an expression with a variable
2210,Ignores colours or design on shape when looking for symmetry
2211,Believes interquartile range is the sum of the lower and upper quartiles
2212,Mixes up smallest and largest when ordering fractions
2213,Assumes regular shape refers only to a square
2214,"Thinks that in the equation y=a, a is the gradient"
2215,Does not recognise when to find a factor from a worded question
2216,Believes the mean from grouped data something divided by the sum of the midpoint values
2217,Thinks subtracting a negative makes your answer smaller
2218,Assumes that opposite angles are equal in a quadrilateral
2219,"Believes any co-interior angles are supplementary, not just those in parallel lines"
2220,Mixes up term in a sequence and position of a term
2221,Has made an order of operations mistake when writing a formula from a given situation
2222,Out by 10 when subtracting
2223,"When dividing fractions, divides the denominators by each other"
2224,Does not recall larger square numbers
2225,Thinks signs are interchangeable when adding or subtracting positive and negative numbers
2226,Incorrect use of scale on a diagram
2227,Subtracts rather than adds when using Pythagoras to find the hypotenuse
2228,Does not know what a Fibonacci sequence is
2229,Believes the mean is something divided by total
2230,substitutes incorrectly
2231,Thinks cross section of a prism can be any face
2232,Thinks that perpendicular lines do not meet at 90 degrees
2233,Thinks the reciprocal of a fraction is what number adds to that fraction to make one whole.
2234,Forgets to change the numerators when finding equivalent fractions
2235,Gives the first significant figure when asked for the second
2236,Does not know that co-interior angles sum to 180 degrees
2237,"Thinks the more digits a number has the greater it is, regardless of place value"
2238,Divides rather than multiplies when scaling up in direct proportion problems
2239,Thinks there are 50 weeks in a year
2240,"When factorising a quadratic with a non-unit coefficient of x squared, believes that coefficient will be in front of both x terms in the factorised form"
2241,Confuses triangular prism with pyramid
2242,Converts a fraction to a decimal by placing the denominator after the decimal point
2243,Believes quartiles are at 1/4 and 3/4 through the range of the data
2244,"Thinks there are 10,000g in a kilogram"
2245,"When using the formula to solve a quadratic equation, believes that a, b and c are always taken from the 1st, 2nd and 3rd terms, respectively, of the quadratic. "
2246,Answers as if there are 10 seconds in a minute when changing from seconds to minutes
2247,Does not understand that a number is divisible by the factors of its factors
2259,Believes the mean is something divided by the sum of the categories given
2260,Identifies a multiple of a number but not a common multiple of a group of numbers
2261,Believes if shapes have rotational symmetry they must have line symmetry
2262,Gets order of ratio wrong
2263,Does not understand the root power of 4
2264,"When subtracting a power of 10, subtracts from the wrong column"
2265,Thinks that probabilities of an event occurring or not occurring must be equal
2266,Believes angles around a point sum to 180
2267,Chooses an incorrect point on the object when describing a 90 or 270 degree rotation
2268,Thinks the x coordinate of a point on the y axis is 1
2269,"When finding the distance between coordinates, includes the starting number"
2270,"In a function machine, confuses an operation with the input"
2271,"When solving a problem that requires an inverse operation (e.g. missing number problems), does the original operation"
2272,"When dividing involving a multiple of 10, gives an answer 10 times bigger than it should be "
2273,Subtracts instead of divides
2274,"When dividing variables, thinks they subtract coefficients as well as powers"
2275,Believes midpoint calculation is just half of the difference
2276,Has considered the percentage rather than the percentage of the amount
2277,"When factorising into double brackets, finds the correct values for the non variable terms but swops the plus and minus sign"
2278,Subtracts rather than divides when answering worded problems
2279,Adds rather than multiplies when using the product rule for counting
2280,"Believes change in y for gradient is always calculated from the origin, regardless of the y-intercept of the line"
2281,Does not understand which months are in the Spring
2282,"Believes that in y=mx+c, m is the y-intercept"
2283,"When finding the missing length on similar shapes, just finds the difference between the given lengths"
2284,When asked for a specific term in a sequence just gives the next term
2285,"In a function machine, confuses the first operation and the input"
2519,Confuses a term with a variable
2520,Believes the fraction line represents addition
2521,Does not know how to measure reflex angles
2522,Believes the total of the circle in a Venn should be included when intersections should be omitted
2523,Has added on the power of 1/4 rather than raise to the power of 1/4
2524,Has added the powers rather than multiplying them
2525,"When dividing decimals, divides rather than multiplies when reinserting the decimal."
2526,Believes a downward line has a positive gradient
2527,"Writes a repeated root once, rather than in a squared bracket"
2528,Thinks that the perimeter on a square grid is the number of squares surrounding the rectangle
2529,Does not think a ton is a unit of mass
